{
    "skin": [
        7.49044294380222,
        171.63805272595476,
        51.49937049330434
    ],
    "eyes": [
        4.408163265306122,
        168.81632653061226,
        31.68027210884354
    ],
    "hair": [
        5.075060532687651,
        143.57384987893462,
        18.45762711864407
    ]
}