{
    "skin": [
        10.638669905110842,
        132.4679826276681,
        97.62498198958484
    ],
    "eyes": [
        35.89812108559499,
        69.84091858037579,
        52.02463465553236
    ],
    "hair": [
        29.464886706562325,
        47.41143675515319,
        21.061812695002814
    ]
}