{
    "skin": [
        112.20263120932628,
        59.03562900884873,
        163.00927009691466
    ],
    "eyes": [
        146.0950184501845,
        57.67158671586716,
        80.8570110701107
    ],
    "hair": [
        136.6342314597524,
        64.5816349173262,
        56.517647612579594
    ]
}